{"count":1,"self":132.5004032,"total":133.5475162,"children":{"InitializeActuators":{"count":3,"self":0.002002,"total":0.002002,"children":null},"InitializeSensors":{"count":3,"self":0.0030028,"total":0.0030028,"children":null},"AgentSendState":{"count":5253,"self":0.047053399999999995,"total":0.21423509999999998,"children":{"CollectObservations":{"count":3153,"self":0.1581736,"total":0.1581736,"children":null},"WriteActionMask":{"count":3153,"self":0.0020023,"total":0.0020023,"children":null},"RequestDecision":{"count":3153,"self":0.0070057999999999995,"total":0.0070057999999999995,"children":null}}},"DecideAction":{"count":5253,"self":0.7457903,"total":0.7457903,"children":null},"AgentAct":{"count":5253,"self":0.080086999999999992,"total":0.080086999999999992,"children":null}},"gauges":{"ArcadeDriver.CumulativeReward":{"count":126,"max":366.4139,"min":-12.3764,"runningAverage":32.4807663,"value":359.657318,"weightedAverage":247.969681}},"metadata":{"timer_format_version":"0.1.0","start_time_seconds":"1621858348","unity_version":"2020.3.3f1","command_line_arguments":"Telekart.exe","communication_protocol_version":"1.5.0","com.unity.ml-agents_version":"2.0.0-pre.3","scene_name":"IntroMenu","end_time_seconds":"1621858481"}}